﻿<?xml version="1.0" encoding="utf-8"?>
<manifest identifier="ACQ0690_APEX_AWARENESS_v1" version="1.0" xmlns="http://www.imsproject.org/xsd/imscp_rootv1p1p2" xmlns:adlcp="http://www.adlnet.org/xsd/adlcp_rootv1p2" xmlns:xsi="http://www.w3.org/2001/XMLSchema-instance" xsi:schemaLocation="http://www.imsproject.org/xsd/imscp_rootv1p1p2 imscp_rootv1p1p2.xsd http://www.imsglobal.org/xsd/imsmd_rootv1p2p1 imsmd_rootv1p2p1.xsd http://www.adlnet.org/xsd/adlcp_rootv1p2 adlcp_rootv1p2.xsd">
  <metadata>
    <schema>ADL SCORM</schema>
    <schemaversion>1.2</schemaversion>
    <lom xmlns="http://www.imsglobal.org/xsd/imsmd_rootv1p2p1" xmlns:xsi="http://www.w3.org/2001/XMLSchema-instance" xsi:schemaLocation="http://www.imsglobal.org/xsd/imsmd_rootv1p2p1 imsmd_rootv1p2p1.xsd">
      <general>
        <title>
          <langstring xml:lang="x-none">ACQ 0690 APEX Accelerators Awareness Training</langstring>
        </title>
      </general>
      <lifecycle>
        <version>
          <langstring xml:lang="x-none">1</langstring>
        </version>
        <status>
          <source>
            <langstring xml:lang="x-none">LOMv1.0</langstring>
          </source>
          <value>
            <langstring xml:lang="x-none">Final</langstring>
          </value>
        </status>
      </lifecycle>
      <metametadata>
        <metadatascheme>ADL SCORM 1.2</metadatascheme>
      </metametadata>
      <educational>
        <typicallearningtime>
          <datetime>PT0H0M0S</datetime>
        </typicallearningtime>
      </educational>
      <rights>
        <cost>
          <source>
            <langstring xml:lang="x-none">LOMv1.0</langstring>
          </source>
          <value>
            <langstring xml:lang="x-none">yes</langstring>
          </value>
        </cost>
        <copyrightandotherrestrictions>
          <source>
            <langstring xml:lang="x-none">LOMv1.0</langstring>
          </source>
          <value>
            <langstring xml:lang="x-none">yes</langstring>
          </value>
        </copyrightandotherrestrictions>
      </rights>
    </lom>
  </metadata>
  <organizations default="ACQ_0690_APEX_Accelerators_Awareness_Training_ORG">
    <organization identifier="ACQ_0690_APEX_Accelerators_Awareness_Training_ORG">
      <title>ACQ 0690 APEX Accelerators Awareness Training</title>
      <item identifier="ACQ0690_APEX_AWARENESS_SCO" isvisible="true" identifierref="_ACQ0690_APEX_AWARENESS_v1_RES">
        <title>ACQ 0690 APEX Accelerators Awareness Training</title>
      </item>
    </organization>
  </organizations>
  <resources>
    <resource identifier="_ACQ0690_APEX_AWARENESS_v1_RES" type="webcontent" href="index_lms.html" adlcp:scormtype="sco">
      <file href="story_content/thumbnail.jpg" />
      <file href="story_content/6i8MTA33R9T_44100_48_0.mp3" />
      <file href="story_content/6AUpD5b81X2_captions.js" />
      <file href="story_content/5vjJSoPhq3C_44100_48_0.mp3" />
      <file href="mobile/5kkAEv3IJH9_80_P_0_29_623_394.jpg" />
      <file href="mobile/603pmkpNOWY.png" />
      <file href="story_content/6jwskCOQoQw_44100_48_0.mp3" />
      <file href="mobile/6hmBlg5rgsH_80_P_187_0_599_650.jpg" />
      <file href="story_content/5yOFllEXptP_44100_48_0.mp3" />
      <file href="story_content/5r4qpvOrN5U_captions.js" />
      <file href="story_content/6DlTrubJXlD_44100_48_0.mp3" />
      <file href="story_content/5gVNwxRkG86_captions.js" />
      <file href="story_content/5qe2AEStgA3_44100_48_0.mp3" />
      <file href="story_content/5cIFXKNKx46_captions.js" />
      <file href="mobile/5rgUR5hFbNp_80.jpg" />
      <file href="mobile/5hGpwtjG8zk_80.jpg" />
      <file href="mobile/5x5e5UEglqA_80_P_0_139_2048_1150.jpg" />
      <file href="mobile/6rTkxrVBtsh.png" />
      <file href="mobile/6TJ2aH6ehNt.png" />
      <file href="mobile/6HBsevuTYip.png" />
      <file href="story_content/6I7DvX1Uw0B_44100_48_0.mp3" />
      <file href="story_content/5hdaGvUksbN_captions.js" />
      <file href="story_content/6rFG2dQUBT7_44100_48_0.mp3" />
      <file href="story_content/6cFHXLu8Fxc_captions.js" />
      <file href="mobile/5jA6JhXE05j.png" />
      <file href="mobile/5neOD1fsXQq.png" />
      <file href="mobile/5zEivQrL3AY.png" />
      <file href="mobile/5lRsvyfNWlr_80.jpg" />
      <file href="story_content/5fxz4A3nBP9_44100_48_0.mp3" />
      <file href="mobile/6kcEn89ktjk_80.jpg" />
      <file href="story_content/5pZkKpqwKgz_44100_48_0.mp3" />
      <file href="mobile/6cTfjUZtlTc_80.jpg" />
      <file href="story_content/5dVx9IJFiHu_44100_48_0.mp3" />
      <file href="story_content/6OOjEEk4xlD_44100_48_0.mp3" />
      <file href="story_content/5Xey3ILvy3t_44100_48_0.mp3" />
      <file href="story_content/5dYdxTTL1Xg_captions.js" />
      <file href="story_content/5rvjjpcRdxB_44100_48_0.mp3" />
      <file href="story_content/5cg8EyWz6hX_captions.js" />
      <file href="story_content/5w9iWKB9p7V_44100_48_0.mp3" />
      <file href="story_content/6r4hD0J0aqP_captions.js" />
      <file href="story_content/5tqW27d7sYn_44100_48_0.mp3" />
      <file href="story_content/6MYQFTQAwqb_captions.js" />
      <file href="story_content/6L51acSIx5R_44100_48_0.mp3" />
      <file href="story_content/5jNiht6bdZX_captions.js" />
      <file href="story_content/6F1l2Ux1ec0_44100_48_0.mp3" />
      <file href="story_content/6ZwbMO1rYzQ_captions.js" />
      <file href="story_content/6Yr112PgXtv_44100_48_0.mp3" />
      <file href="story_content/6EKRToEAu49_captions.js" />
      <file href="story_content/6Z7l6VFEM5H_44100_48_0.mp3" />
      <file href="story_content/6ZZy6PRSwF5_captions.js" />
      <file href="story_content/5qs7Ty2WOZs_44100_48_0.mp3" />
      <file href="story_content/68gwMLnWurH_captions.js" />
      <file href="story_content/61iTLbAN2Rr_44100_48_0.mp3" />
      <file href="story_content/6JsVfBouINs_captions.js" />
      <file href="mobile/5cpRXDtqbHB_80_P_205_0_1637_1536.jpg" />
      <file href="story_content/621MiQBR2vG_44100_48_0.mp3" />
      <file href="story_content/5XEEq4wgjnO_captions.js" />
      <file href="story_content/6MsY9TLP6PE_44100_48_0.mp3" />
      <file href="story_content/6fDB3PexKCh_captions.js" />
      <file href="story_content/63ei3h9Zphw_44100_48_0.mp3" />
      <file href="story_content/6OU6mkF0cUo_captions.js" />
      <file href="story_content/6LOLatlWvau_44100_48_0.mp3" />
      <file href="story_content/6St6O5iB8Cy_captions.js" />
      <file href="story_content/6D9Rtf02mGy_44100_48_0.mp3" />
      <file href="story_content/5f3EcWANnWQ_captions.js" />
      <file href="story_content/5pZpm0YASIm_44100_48_0.mp3" />
      <file href="story_content/651EpnH5Hip_captions.js" />
      <file href="mobile/6Dq7qkX9CpK.png" />
      <file href="story_content/6YLJdEQ4Ey5_44100_48_0.mp3" />
      <file href="story_content/6JajPwbr20r_captions.js" />
      <file href="story_content/65XoXOn7I4X_44100_48_0.mp3" />
      <file href="story_content/5ck0Mmsc9p4_captions.js" />
      <file href="mobile/6ZAjhvfIQC0.png" />
      <file href="mobile/6ZAjhvfIQC0_B-40_C-40.png" />
      <file href="mobile/6hTUBUSTCzS.png" />
      <file href="mobile/6hTUBUSTCzS_B-40_C-40.png" />
      <file href="mobile/6EeyLF3S0Ej.png" />
      <file href="mobile/6Sex0HF0s0u_80.jpg" />
      <file href="mobile/5jj12fLHhNa_80_P_119_0_1809_1365.jpg" />
      <file href="story_content/6e8o3EsJED3_44100_48_0.mp3" />
      <file href="story_content/5hOFuW75Gnb_captions.js" />
      <file href="story_content/6U8v9pQDerO_44100_48_0.mp3" />
      <file href="story_content/5WA27FglRMw_captions.js" />
      <file href="mobile/6meLgEex0PF_80.jpg" />
      <file href="mobile/5pGiS9YcKkx_80_P_0_0_1773_1366.jpg" />
      <file href="mobile/6p8CgvjfuR8_80.jpg" />
      <file href="story_content/6nNsOr17fK6_44100_48_0.mp3" />
      <file href="story_content/5qEEt6JzS0o_captions.js" />
      <file href="mobile/69CnOODWsuv.png" />
      <file href="mobile/6Ab93vyibWl.png" />
      <file href="story_content/video_6cKENc9xAuu_5_48_654x356.mp4" />
      <file href="story_content/6WUXjOZdYfj_captions.js" />
      <file href="mobile/poster_6WUXjOZdYfj_video_6cKENc9xAuu_5_48_654x356.jpg" />
      <file href="story_content/6WUXjOZdYfj_transcripts.js" />
      <file href="story_content/6EigFYfzAUN_44100_48_0.mp3" />
      <file href="story_content/6Ww9seFWLov_captions.js" />
      <file href="story_content/video_5d14eNeMk6V_5_48_548x446.mp4" />
      <file href="mobile/poster_6IbQLanZFy0_video_5d14eNeMk6V_5_48_548x446.jpg" />
      <file href="story_content/6VmJbfLb1OS_44100_48_0.mp3" />
      <file href="story_content/6pxj1RFDSoE_44100_48_0.mp3" />
      <file href="story_content/5WQCTyM1ar6_captions.js" />
      <file href="mobile/6HXW2f6IUaq_80.png" />
      <file href="story_content/6KdLr0BZ5GK_44100_48_0.mp3" />
      <file href="mobile/6YN5vcfVZiQ_80.jpg" />
      <file href="story_content/5ka4rRs5k6Z_44100_48_0.mp3" />
      <file href="story_content/6m2QOW0E9Ky_captions.js" />
      <file href="mobile/5zUJZziIh5g_80_P_256_0_1536_1536.jpg" />
      <file href="mobile/68WWAAkrcHF_80_P_341_0_1365_1365.jpg" />
      <file href="mobile/5qzmJsOSdVt_80_P_341_0_1365_1365.jpg" />
      <file href="mobile/6eyb5Il7pfD.png" />
      <file href="mobile/6kuXQnqgGkC_80_P_341_0_1365_1365.jpg" />
      <file href="mobile/6WCFW4dm3tn_80_P_276_0_1496_1496.jpg" />
      <file href="mobile/5ujDpnVj3zl_80_P_281_0_1485_1485.jpg" />
      <file href="mobile/6OYgnn4XyON.png" />
      <file href="story_content/6QWUJldBwYg_44100_48_0.mp3" />
      <file href="story_content/66wySjjrUWm_captions.js" />
      <file href="story_content/6EXohradAWG_44100_48_0.mp3" />
      <file href="mobile/6k4teINf4xi.png" />
      <file href="mobile/674dlWMtm1P_80.jpg" />
      <file href="mobile/6Se0PkroRyP_80.jpg" />
      <file href="mobile/6rNV4dNAKZX.png" />
      <file href="mobile/5X7Y6Ge239Y.png" />
      <file href="mobile/6F1Nexx8vBy.png" />
      <file href="mobile/6cCMFmCNPJS.png" />
      <file href="mobile/5hBFEglOrYw.png" />
      <file href="story_content/5sR2r2umzJa_44100_48_0.mp3" />
      <file href="story_content/5krcd3UgTs4_44100_48_0.mp3" />
      <file href="story_content/6YB3FFwJOU2_captions.js" />
      <file href="story_content/62j7xIcFDaS_44100_48_0.mp3" />
      <file href="story_content/5xJaKBb0Wuz_captions.js" />
      <file href="story_content/5Ussj18TtFY_44100_48_0.mp3" />
      <file href="story_content/6IqqQQwnb4o_captions.js" />
      <file href="mobile/6P2ook4T2yj_80_P_164_0_1719_1365.jpg" />
      <file href="mobile/6ArUjjgL63D_80_P_164_0_1719_1365.jpg" />
      <file href="mobile/6r4jGtq0Hni_80_P_164_0_1719_1365.jpg" />
      <file href="story_content/6BDyJ1OvhPN_44100_48_0.mp3" />
      <file href="story_content/6fCwXgmGrNK_captions.js" />
      <file href="story_content/5cMpC1EUSpI_44100_48_0.mp3" />
      <file href="story_content/5tOmjBMznFu_captions.js" />
      <file href="story_content/5td3g2UAwyX_44100_48_0.mp3" />
      <file href="story_content/6gp0wFITb4A_captions.js" />
      <file href="mobile/5jj12fLHhNa_80.jpg" />
      <file href="mobile/6F5Q9dBnebt.png" />
      <file href="mobile/6YxlpqkuSyf.png" />
      <file href="mobile/6HTnfUjP9E0_80_P_194_0_1659_1365.jpg" />
      <file href="mobile/69tfdKHPBrv_80.jpg" />
      <file href="story_content/6nM2XpAcMbr_44100_48_0.mp3" />
      <file href="story_content/6GSHmFOoeM4_captions.js" />
      <file href="story_content/6O4ynYnjKYg_44100_48_0.mp3" />
      <file href="story_content/6NVV1aGgwgN_captions.js" />
      <file href="mobile/6Kc13ljE48l.png" />
      <file href="story_content/6NahD6xDfyo_44100_48_0.mp3" />
      <file href="story_content/6NN0bTINv6b_captions.js" />
      <file href="story_content/6PphLoMgDme_44100_48_0.mp3" />
      <file href="mobile/5jxjNpcC741_80.jpg" />
      <file href="mobile/66CtnZH9nIS_80.jpg" />
      <file href="story_content/63eqMwHBAXj_44100_48_0.mp3" />
      <file href="story_content/5yjbxzHEsUf_captions.js" />
      <file href="story_content/6S3Xtx6q9r8_44100_48_0.mp3" />
      <file href="story_content/6Rt2pagqJBH_captions.js" />
      <file href="mobile/67ClgSHD3sX_80.jpg" />
      <file href="mobile/5YHrBvKJSCY_80.jpg" />
      <file href="mobile/6bdFIlQgTBO_80.jpg" />
      <file href="mobile/6h2fDXeKxtX_80.jpg" />
      <file href="mobile/6qiaAN5GTxQ_80.jpg" />
      <file href="mobile/6glUWkJcZed_80.jpg" />
      <file href="mobile/61wQC2cB6Et_80.jpg" />
      <file href="mobile/5ewR0lrZOKd_80.jpg" />
      <file href="mobile/5XRFZOJieVn_80.jpg" />
      <file href="mobile/6MJCYjq8BJ8.png" />
      <file href="mobile/6WrC06x1VoO.png" />
      <file href="story_content/6eNRoQHRvsp_44100_48_0.mp3" />
      <file href="story_content/6THdIqog17Q_captions.js" />
      <file href="story_content/6RLm8nXuz8G_44100_48_0.mp3" />
      <file href="story_content/64zYUkJs1jT_44100_48_0.mp3" />
      <file href="story_content/5sCYokZJSH9_captions.js" />
      <file href="story_content/5mgDJk7Azwv_44100_48_0.mp3" />
      <file href="story_content/62PnyOML5AL_captions.js" />
      <file href="mobile/6IjVcJZEbGV.png" />
      <file href="story_content/5k9LfMpxnia_44100_48_0.mp3" />
      <file href="story_content/6axDHw2RjdH_captions.js" />
      <file href="story_content/5WSq2rQPg7u_44100_48_0.mp3" />
      <file href="story_content/6m4l69vhhHe_captions.js" />
      <file href="mobile/5nCiCZ83MTc_80.jpg" />
      <file href="story_content/6VvC1RJd9ZO_44100_48_0.mp3" />
      <file href="story_content/5lV1UtcYlXq_44100_48_0.mp3" />
      <file href="story_content/62pldCsakB8_44100_48_0.mp3" />
      <file href="story_content/6Ra4Hz0aY3x_44100_48_0.mp3" />
      <file href="story_content/6Z9fXnCAbxd_captions.js" />
      <file href="story_content/5mvTOZ76stW_44100_48_0.mp3" />
      <file href="story_content/5WNvciu26S4_captions.js" />
      <file href="story_content/635jCJn1ESd_44100_48_0.mp3" />
      <file href="story_content/5iGEUa5Nexa_captions.js" />
      <file href="story_content/6lzJVnkSEqX_44100_48_0.mp3" />
      <file href="story_content/5sWzukfnR83_captions.js" />
      <file href="story_content/6DLhdzastqI_captions.js" />
      <file href="story_content/6Ui0T4coSYZ_44100_48_0.mp3" />
      <file href="story_content/5iVnMBQIPBW_captions.js" />
      <file href="mobile/6nmZsAmvmf7_80.jpg" />
      <file href="story_content/5weW65LFUq4_44100_48_0.mp3" />
      <file href="story_content/6G2LFOtqVkQ_captions.js" />
      <file href="mobile/61082rYhJo6.png" />
      <file href="story_content/5oGCbCAQPxz_44100_48_0.mp3" />
      <file href="story_content/6ehcaaG2hId_captions.js" />
      <file href="story_content/6NrKGUjAlRk_44100_48_0.mp3" />
      <file href="story_content/6kUeFJOjqdg_captions.js" />
      <file href="mobile/6AwuBmpz927_80.jpg" />
      <file href="mobile/64Ys6er4oy6_80.jpg" />
      <file href="story_content/5wq1cQhXFuS_44100_48_0.mp3" />
      <file href="story_content/6BC0VAkhVNN_captions.js" />
      <file href="story_content/614mkEflV6x_44100_48_0.mp3" />
      <file href="story_content/64GTrgVzzjX_captions.js" />
      <file href="mobile/5xt2HIGcB10_80.jpg" />
      <file href="mobile/5nDvRcX1G3K.png" />
      <file href="mobile/60TpsA2bUvZ.png" />
      <file href="story_content/5YMSZ7eNebA_44100_48_0.mp3" />
      <file href="story_content/5l758vf4Iv5_captions.js" />
      <file href="mobile/6r2TgdagHUt.png" />
      <file href="mobile/6oNHnJdEpLN.png" />
      <file href="mobile/5vz1IHm3R0j.png" />
      <file href="mobile/6kayRYi3khC_80.jpg" />
      <file href="story_content/5bWk86mlPgC_44100_48_0.mp3" />
      <file href="story_content/6Hn4ThKm1lc_captions.js" />
      <file href="story_content/5XF2WhDCPy6_44100_48_0.mp3" />
      <file href="mobile/64tkT9gGchC_80.jpg" />
      <file href="mobile/5wss50pkgzk_80.jpg" />
      <file href="mobile/5d3O2YtpasK.png" />
      <file href="mobile/5aSMOUeGrZF_80.jpg" />
      <file href="mobile/6lU3jKIFZeR_80.jpg" />
      <file href="mobile/5pAPwXwUqYr_80.jpg" />
      <file href="mobile/6lEfAsv3D62_80.jpg" />
      <file href="mobile/5hElekcXXPk_80.jpg" />
      <file href="mobile/5rGCe2BbKe1_80.jpg" />
      <file href="mobile/67LvMQvFksy_80.jpg" />
      <file href="mobile/64SfpN6rAc2_80.jpg" />
      <file href="story_content/5bRA721RxjO_44100_48_0.mp3" />
      <file href="story_content/5zWKM9Uu7to_captions.js" />
      <file href="mobile/6ZUEhN0AH8k.png" />
      <file href="story_content/6g73wyg6bNW_44100_48_0.mp3" />
      <file href="story_content/64IYGzFRJWv_captions.js" />
      <file href="mobile/6ondbIvOStu_80.jpg" />
      <file href="story_content/5dsbt1Se0CB_44100_48_0.mp3" />
      <file href="story_content/65XkkQJSHg9_captions.js" />
      <file href="mobile/6D9cj3aeAvo.png" />
      <file href="mobile/6dK618Zzd8J_80_P_0_0_1303_1371.jpg" />
      <file href="mobile/69tfdKHPBrv_80_P_0_0_1303_1374.jpg" />
      <file href="mobile/5UrctYZAHHk.png" />
      <file href="story_content/6SPXltmK4GP_44100_48_0.mp3" />
      <file href="story_content/5n0SAbbvFga_captions.js" />
      <file href="mobile/6MVH2TP6QYm.png" />
      <file href="story_content/5WGVx7ShMcM_44100_48_0.mp3" />
      <file href="story_content/5uVSiX0B01t_captions.js" />
      <file href="story_content/5Znlo2oSn7w_44100_48_0.mp3" />
      <file href="mobile/5iqJ2xaipW5_80.jpg" />
      <file href="mobile/5gHn6Xks3Ye_80.jpg" />
      <file href="story_content/5yau5PWtfBJ_44100_48_0.mp3" />
      <file href="story_content/6U2ZbTMJp4A_captions.js" />
      <file href="mobile/6dJQIrWswMp.png" />
      <file href="story_content/6VqKo4Ixpja_44100_48_0.mp3" />
      <file href="story_content/6QLbH2GcuSs_captions.js" />
      <file href="mobile/66U31O1c3pR.png" />
      <file href="mobile/6WwJcvRyRmx.png" />
      <file href="story_content/6km7Uy0ShT3_44100_48_0.mp3" />
      <file href="story_content/68GKzCnfyQx_captions.js" />
      <file href="mobile/5VPe93FfLhU.png" />
      <file href="story_content/5guHDpUIrrx_44100_48_0.mp3" />
      <file href="story_content/6FFq2YqNzCh_captions.js" />
      <file href="story_content/5thzD3yJvfV_44100_48_0.mp3" />
      <file href="story_content/5b8cpp7WIFT_captions.js" />
      <file href="story_content/5VaOoJq5XV2_44100_48_0.mp3" />
      <file href="story_content/6nuAM8uVw5b_captions.js" />
      <file href="mobile/62kQmNAjy9Y.png" />
      <file href="mobile/6INCpotQfQb.png" />
      <file href="story_content/6J97CYbnGww_44100_48_0.mp3" />
      <file href="story_content/6YjGWMrbAC5_captions.js" />
      <file href="story_content/video_5pHLnJH5uZZ_5_48_654x346.mp4" />
      <file href="story_content/5tioHa3qZgs_captions.js" />
      <file href="mobile/poster_5tioHa3qZgs_video_5pHLnJH5uZZ_5_48_654x346.jpg" />
      <file href="story_content/5tioHa3qZgs_transcripts.js" />
      <file href="mobile/5q9SSPV0NBz.png" />
      <file href="mobile/5fS9E2J6fIM_80_RW.jpg" />
      <file href="story_content/6RrnNKruuI5_44100_48_0.mp3" />
      <file href="story_content/5oNGw5GEPg3_44100_48_0.mp3" />
      <file href="story_content/5sUVZ5TISgR_captions.js" />
      <file href="story_content/6R8CBnv1emV_44100_48_0.mp3" />
      <file href="story_content/5oOI96BHJCc_captions.js" />
      <file href="story_content/6PwHevcpax0_44100_48_0.mp3" />
      <file href="story_content/6ehON9u2xf9_captions.js" />
      <file href="story_content/6HdaoBbAP7M_44100_48_0.mp3" />
      <file href="story_content/66ovAQJm26h_captions.js" />
      <file href="story_content/5f2T9okdi9O_44100_48_0.mp3" />
      <file href="story_content/62cMcCTrdgY_captions.js" />
      <file href="mobile/5eJy23qTY9i_80.jpg" />
      <file href="story_content/6WEssbXpjm1_44100_48_0.mp3" />
      <file href="story_content/6S5tgWHB7OX_captions.js" />
      <file href="story_content/6IDa9WVoPbW_44100_48_0.mp3" />
      <file href="story_content/6c7PaNrC9Nx_captions.js" />
      <file href="mobile/5ZnMiftmqpd_80_P_0_0_1254_1453.jpg" />
      <file href="mobile/64b1bVMC5v4_80.jpg" />
      <file href="mobile/6dHiTyY2bNI.png" />
      <file href="story_content/5V3R2oV0WkF_44100_48_0.mp3" />
      <file href="story_content/67nCAo7gd1n_captions.js" />
      <file href="story_content/66WvEyqlb86_44100_48_0.mp3" />
      <file href="mobile/5UtD021C9Zp.png" />
      <file href="mobile/6maKQrl4AQy.png" />
      <file href="mobile/6g8q9MiKClz.png" />
      <file href="story_content/5dqp97Zymuo_44100_48_0.mp3" />
      <file href="story_content/6D3NqB6H88b_captions.js" />
      <file href="story_content/video_5nOt1od1d6G_5_48_510x270.mp4" />
      <file href="story_content/6WjhGU1BFBj_captions.js" />
      <file href="mobile/poster_6WjhGU1BFBj_video_5nOt1od1d6G_5_48_510x270.jpg" />
      <file href="story_content/6WjhGU1BFBj_transcripts.js" />
      <file href="story_content/6OKkjsT6pdH_44100_48_0.mp3" />
      <file href="story_content/5kWDnPnJBS0_captions.js" />
      <file href="mobile/6VhPtMzMGyy.png" />
      <file href="story_content/6MVJ9aJfg2H_44100_48_0.mp3" />
      <file href="story_content/5zCRewXDxFk_captions.js" />
      <file href="story_content/6rPSVyNX8Wd_44100_48_0.mp3" />
      <file href="story_content/5kCtH9a2WOM_captions.js" />
      <file href="mobile/6F7Wa9O5mKJ.png" />
      <file href="story_content/6O5tU4tXIx8_44100_48_0.mp3" />
      <file href="story_content/5V0Jwn5LN9W_captions.js" />
      <file href="mobile/6SC2uu5WNIJ.png" />
      <file href="story_content/5wYz1ODLzEZ_44100_48_0.mp3" />
      <file href="story_content/6EOh7nPj0tq_captions.js" />
      <file href="story_content/651KFWpW7sz_44100_48_0.mp3" />
      <file href="story_content/5dI2HA7wal2_captions.js" />
      <file href="story_content/5iWNpiC97RX_44100_48_0.mp3" />
      <file href="story_content/5wXuubRht5S_captions.js" />
      <file href="mobile/6QoCgWR3ThS.png" />
      <file href="meta.xml" />
      <file href="story_content/5fzlIPD6Mz8.png" />
      <file href="story_content/6R4MwGxd0jp.png" />
      <file href="story_content/6UNeOIzQ7yW.png" />
      <file href="story_content/6XEORPLjYwx.png" />
      <file href="story_content/5X8qQDFSx4W.png" />
      <file href="story_content/triggers.js" />
      <file href="story_content/user.js" />
      <file href="story_content/external_files/ACQ 0690 APEX Accelerators Awareness Training Print File.pdf" />
      <file href="story_content/external_files/ACQ 0690 APEX Accelerators Awareness Training.pdf" />
      <file href="story_content/external_files/What is the APEX Accelerators Program Video.pdf" />
      <file href="story_content/external_files/Success Story - APEX Accelerators Support Video.pdf" />
      <file href="story_content/external_files/Impact of APEX Accelerators Video.pdf" />
      <file href="mobile/Shape69ItNWjlKPa.png" />
      <file href="mobile/Shape6ErbWEanQwq.png" />
      <file href="mobile/Shape65f7FdICBzK.png" />
      <file href="mobile/Shape5mqI06i576J.png" />
      <file href="mobile/Shape62NOHkXMB7z.png" />
      <file href="mobile/Shape5nZhUvBpB8k.png" />
      <file href="mobile/Shape6YX3HRclb7s.png" />
      <file href="mobile/Shape5kNGzgRA414.png" />
      <file href="mobile/Shape6iWzQc4UXcm.png" />
      <file href="mobile/Shape5tLtM3BO2cm.png" />
      <file href="mobile/Shape62uFrNPasXo.png" />
      <file href="mobile/Shape61qjKufGaVX.png" />
      <file href="mobile/Shape6ZzHXa7zBat.png" />
      <file href="mobile/Shape5xsjrcaVHPq.png" />
      <file href="mobile/Shape6fMu8i4OZAj.png" />
      <file href="mobile/Shape6r1U8kWL5l0.png" />
      <file href="mobile/Shape6qWDjRhpiND.png" />
      <file href="mobile/Shape6ToAcvJ5ghz.png" />
      <file href="mobile/Shape6lLT50BZqqB.png" />
      <file href="mobile/Shape6ENi8kiO6Ot.png" />
      <file href="mobile/Shape6J6T5oYIcJo.png" />
      <file href="mobile/Shape6e8jOnqy2qK.png" />
      <file href="mobile/Shape5kFSFd5vOQN.png" />
      <file href="mobile/Shape6lNk7ow8dl7.png" />
      <file href="mobile/Shape61oDyyBZLlW.png" />
      <file href="mobile/Shape65rYdQMM41A.png" />
      <file href="mobile/Shape5upeBXXIydY.png" />
      <file href="mobile/Shape6NUI6dXHzNH.png" />
      <file href="mobile/Shape5nzd307J3LQ.png" />
      <file href="mobile/Shape60BhBzYzbAS.png" />
      <file href="html5/data/css/output.min.css" />
      <file href="html5/data/js/5aNK3b4lmSk.js" />
      <file href="html5/data/js/5ce4eiTPI2d.js" />
      <file href="html5/data/js/5cVrwZbOIDp.js" />
      <file href="html5/data/js/5dtRoL9T88y.js" />
      <file href="html5/data/js/5dz8MO0TyyK.js" />
      <file href="html5/data/js/5e2TbfuJELJ.js" />
      <file href="html5/data/js/5eC2bAhMp0g.js" />
      <file href="html5/data/js/5eK9wVf448j.js" />
      <file href="html5/data/js/5f6KhYrBJqs.js" />
      <file href="html5/data/js/5gUyX9aeFi4.js" />
      <file href="html5/data/js/5kRWGdTqEc9.js" />
      <file href="html5/data/js/5mx8TycfZm5.js" />
      <file href="html5/data/js/5nqIPDkl7Vh.js" />
      <file href="html5/data/js/5nzm0ecTIHM.js" />
      <file href="html5/data/js/5oCblNpReAX.js" />
      <file href="html5/data/js/5ogrYoSo6wa.js" />
      <file href="html5/data/js/5pinM1VMxa2.js" />
      <file href="html5/data/js/5r8Cqamdw26.js" />
      <file href="html5/data/js/5raa955tUwE.js" />
      <file href="html5/data/js/5UnmY3xxW5h.js" />
      <file href="html5/data/js/5VNO9dmOqcn.js" />
      <file href="html5/data/js/5WjsGlE2VNd.js" />
      <file href="html5/data/js/5XjU5r5DZpe.js" />
      <file href="html5/data/js/5xKeiB8j4hm.js" />
      <file href="html5/data/js/5y49NZa8Fld.js" />
      <file href="html5/data/js/5YRZfBtZqgz.js" />
      <file href="html5/data/js/619eMoqqFGL.js" />
      <file href="html5/data/js/61uephzKHoN.js" />
      <file href="html5/data/js/62seC5xTsqk.js" />
      <file href="html5/data/js/63JHDNkIQ1V.js" />
      <file href="html5/data/js/63VnxGdKFs1.js" />
      <file href="html5/data/js/63WHncsJIgi.js" />
      <file href="html5/data/js/64KzK6he3lt.js" />
      <file href="html5/data/js/64LHWKJASTk.js" />
      <file href="html5/data/js/65IORLvWEE3.js" />
      <file href="html5/data/js/65kMTE6Gwno.js" />
      <file href="html5/data/js/67nSnkbt02U.js" />
      <file href="html5/data/js/67VM9uUYuWM.js" />
      <file href="html5/data/js/68A4lBN5V5V.js" />
      <file href="html5/data/js/68H2NBGGBgu.js" />
      <file href="html5/data/js/68KRuzLv30M.js" />
      <file href="html5/data/js/6ANshR0Bl1h.js" />
      <file href="html5/data/js/6Bk5QyL1pKV.js" />
      <file href="html5/data/js/6Dq6Si8G8d7.js" />
      <file href="html5/data/js/6DQMOVHZpOI.js" />
      <file href="html5/data/js/6E2XmxMRr8B.js" />
      <file href="html5/data/js/6GjtGSigedr.js" />
      <file href="html5/data/js/6HWFYmP8iKE.js" />
      <file href="html5/data/js/6i1RZRI8T23.js" />
      <file href="html5/data/js/6IFAhWih7iy.js" />
      <file href="html5/data/js/6kou8sfPZx8.js" />
      <file href="html5/data/js/6lGzeovwkiq.js" />
      <file href="html5/data/js/6lx4yelrKmt.js" />
      <file href="html5/data/js/6m6fysEgsWm.js" />
      <file href="html5/data/js/6n1obqIXbDl.js" />
      <file href="html5/data/js/6niHUOwEEFo.js" />
      <file href="html5/data/js/6O32WrZkA6T.js" />
      <file href="html5/data/js/6OQoqtAZxue.js" />
      <file href="html5/data/js/6os4au5vLWX.js" />
      <file href="html5/data/js/6OxQSSZuY3Q.js" />
      <file href="html5/data/js/6P3aVDE2MGM.js" />
      <file href="html5/data/js/6pBWuntKMYq.js" />
      <file href="html5/data/js/6QA3mkAvPM6.js" />
      <file href="html5/data/js/6r67ddyOac7.js" />
      <file href="html5/data/js/6r6rwUJGEVq.js" />
      <file href="html5/data/js/6RcaKk41Kj3.js" />
      <file href="html5/data/js/6RCQS5fp4oN.js" />
      <file href="html5/data/js/6U5RH9YVbHr.js" />
      <file href="html5/data/js/6WD3GHnIBYn.js" />
      <file href="html5/data/js/6XCXNejqgv7.js" />
      <file href="html5/data/js/6Y8EmG9Hh1W.js" />
      <file href="html5/data/js/6ZbKEC9koO2.js" />
      <file href="html5/data/js/6ZDoYdG7q3l.js" />
      <file href="html5/data/js/data.js" />
      <file href="html5/data/js/frame.js" />
      <file href="html5/data/js/paths.js" />
      <file href="html5/lib/scripts/bootstrapper.min.js" />
      <file href="html5/lib/scripts/frame.desktop.min.js" />
      <file href="html5/lib/scripts/frame.mobile.min.js" />
      <file href="html5/lib/scripts/slides.min.js" />
      <file href="html5/lib/stylesheets/desktop.min.css" />
      <file href="html5/lib/stylesheets/mobile.min.css" />
      <file href="html5/lib/stylesheets/mobile-fonts/open-sans-bold.woff" />
      <file href="html5/lib/stylesheets/mobile-fonts/open-sans-light.woff" />
      <file href="html5/lib/stylesheets/mobile-fonts/open-sans-regular.woff" />
      <file href="analytics-frame.html" />
      <file href="story.html" />
      <file href="index_lms.html" />
      <file href="lms/AICCComm.html" />
      <file href="lms/blank.html" />
      <file href="lms/browsersniff.js" />
      <file href="lms/goodbye.html" />
      <file href="lms/scormdriver.js" />
    </resource>
  </resources>
</manifest>