<?xml version="1.0" standalone="no" ?>
<manifest identifier="AQR33i2lOplofqZwfmEWoHlwBiFoXmKAsViF6F_m" version="1.3"
  xmlns="http://www.imsglobal.org/xsd/imscp_v1p1"
  xmlns:xsi="http://www.w3.org/2001/XMLSchema-instance"
  xmlns:adlcp="http://www.adlnet.org/xsd/adlcp_v1p3"
  xmlns:adlseq="http://www.adlnet.org/xsd/adlseq_v1p3"
  xmlns:adlnav = "http://www.adlnet.org/xsd/adlnav_v1p3"
  xmlns:imsss="http://www.imsglobal.org/xsd/imsss"
  xsi:schemaLocation="http://www.imsglobal.org/xsd/imscp_v1p1 imscp_v1p1.xsd
                      http://www.adlnet.org/xsd/adlcp_v1p3 adlcp_v1p3.xsd
                      http://www.adlnet.org/xsd/adlseq_v1p3 adlseq_v1p3.xsd
                      http://www.adlnet.org/xsd/adlnav_v1p3 adlnav_v1p3.xsd
                      http://www.imsglobal.org/xsd/imsss imsss_v1p0.xsd">
  <metadata>
    <schema>ADL SCORM</schema>
    <schemaversion>2004 4th Edition</schemaversion>
    <adlcp:location>metadata.xml</adlcp:location>   
  </metadata>
  <organizations default="B0">
    <organization identifier="B0" adlseq:objectivesGlobalToSystem="false">
      <title>Prevention of Burnout for Health Care Teams</title>
      <item identifier="i1" identifierref="r1" isvisible="true">
        <title>Prevention of Burnout for Health Care Teams</title>
        
        <imsss:sequencing>
          <imsss:deliveryControls tracked="true" completionSetByContent="true" objectiveSetByContent="true"/>
        </imsss:sequencing>
      </item>
      <metadata>
        <adlcp:location>metadata.xml</adlcp:location>
      </metadata>
      <imsss:sequencing>
        <imsss:controlMode choice="true" flow="true"/>
      </imsss:sequencing>
    </organization>
  </organizations>
  <resources>
    <resource identifier="r1" type="webcontent" adlcp:scormType="sco" href="scormdriver/indexAPI.html">
      <!-- SCORMDRIVER STUFF -->
      <file href="scormdriver/indexAPI.html" />
      <file href="scormdriver/preloadIntegrity.js" />
      <file href="scormdriver/driverOptions.js" />
      <file href="scormdriver/AICCComm.html" />
      <file href="scormdriver/auto-scripts/AutoBookmark.js" />
      <file href="scormdriver/auto-scripts/AutoCompleteSCO.js" />
      <file href="scormdriver/auto-scripts/CourseExit.js" />
      <file href="scormdriver/blank.html" />
      <file href="scormdriver/goodbye.html" />
      <file href="scormdriver/scormdriver.js" />
      <file href="scormdriver/browsersniff.js" />

      <!-- RUNTIME COMMON STUFF -->
      <file href="scormcontent/index.html" />

      
        <file href="scormcontent/lib/fonts/icomoon.ttf"/>
        <file href="scormcontent/lib/fonts/icomoon.woff"/>

        <file href="scormcontent/lib/icomoon.css"/>
        <file href="scormcontent/lib/lzwcompress.js"/>
      

      <!-- FRONTEND BUNDLE ASSETS -->
      <file href="scormcontent/lib/rise/4409fcb5.js" />
<file href="scormcontent/lib/rise/56803e6d.css" />
<file href="scormcontent/lib/rise/955979b5.js" />
<file href="scormcontent/lib/rise/3c2c7f1e.css" />
<file href="scormcontent/lib/rise/1efacabb.js" />
<file href="scormcontent/lib/rise/53a3a3ef.js" />
<file href="scormcontent/lib/rise/c0678b17.js" />
<file href="scormcontent/lib/rise/c82ebcdd.js" />
<file href="scormcontent/lib/rise/f6baafed.js" />
<file href="scormcontent/lib/rise/19b5bc83.js" />
<file href="scormcontent/lib/rise/cf79b38c.js" />
<file href="scormcontent/lib/rise/f5f4eeae.js" />
<file href="scormcontent/lib/rise/f6f7a749.js" />
<file href="scormcontent/lib/rise/f053c8b7.js" />
<file href="scormcontent/lib/rise/8716f7be.js" />
<file href="scormcontent/lib/rise/d4601492.js" />
<file href="scormcontent/lib/rise/62d858f8.js" />
<file href="scormcontent/lib/rise/de3c5f71.js" />
<file href="scormcontent/lib/learn_dist/entry.js" />
<file href="scormcontent/lib/learn_dist/5515a099.js" />
<file href="scormcontent/lib/learn_dist/e06aa5e6.css" />
<file href="scormcontent/lib/learn_dist/7acdcaff.js" />
<file href="scormcontent/lib/mondrian/entry.js" />
<file href="scormcontent/lib/mondrian/ad3a3b3a.js" />
<file href="scormcontent/lib/mondrian/9efea61d.js" />
<file href="scormcontent/lib/mondrian/50fd1811.js" />
<file href="scormcontent/lib/mondrian/09e37aee.js" />
<file href="scormcontent/lib/mondrian/196251cf.js" />
<file href="scormcontent/lib/sandbox/sandbox.html" />
<file href="scormcontent/lib/sandbox/c77685df.js" />
<file href="scormcontent/lib/sandbox/4adfab46.css" />


      <!-- RUNTIME CONTENT STUFF -->
      <file href="scormcontent/assets/dh_WEFdSxGQqDdiL/player-interface.js" />
<file href="scormcontent/assets/zu_O5H-NRZ_IfxGQ/player-interface.js" />
<file href="scormcontent/assets/h9bxV4MwF2FhaBHd/player-interface.js" />
<file href="scormcontent/assets/bbe-GPwYHbWJf4QZ/player-interface.js" />
<file href="scormcontent/assets/7vd6bVyqmG4DRnGN/player-interface.js" />
<file href="scormcontent/assets/IjB_82wIEVxCFi5d/player-interface.js" />
<file href="scormcontent/assets/8LB8QHSY59T9Mbec/player-interface.js" />
<file href="scormcontent/assets/XUtovOecJ4urBfCF/player-interface.js" />
<file href="scormcontent/assets/_1tMmsZvthivbIkw/player-interface.js" />
<file href="scormcontent/assets/aDofVCWo0eonkEza/player-interface.js" />
<file href="scormcontent/assets/bzU1F6U-vSOt8KMQ/player-interface.js" />
<file href="scormcontent/assets/TRIawD9ooELtQ0Dn/player-interface.js" />
<file href="scormcontent/assets/pdgRftaKR3pX-QpQ/player-interface.js" />
<file href="scormcontent/assets/dh_WEFdSxGQqDdiL/analytics-frame.html" />
<file href="scormcontent/assets/dh_WEFdSxGQqDdiL/html5/data/css/output.min.css" />
<file href="scormcontent/assets/dh_WEFdSxGQqDdiL/html5/data/js/5VbGltCAWSp.js" />
<file href="scormcontent/assets/dh_WEFdSxGQqDdiL/html5/data/js/data.js" />
<file href="scormcontent/assets/dh_WEFdSxGQqDdiL/html5/data/js/frame.js" />
<file href="scormcontent/assets/dh_WEFdSxGQqDdiL/html5/data/js/paths.js" />
<file href="scormcontent/assets/dh_WEFdSxGQqDdiL/html5/lib/hls/hls.min.js" />
<file href="scormcontent/assets/dh_WEFdSxGQqDdiL/html5/lib/scripts/bootstrapper.min.js" />
<file href="scormcontent/assets/dh_WEFdSxGQqDdiL/html5/lib/scripts/frame.desktop.min.js" />
<file href="scormcontent/assets/dh_WEFdSxGQqDdiL/html5/lib/scripts/frame.mobile.min.js" />
<file href="scormcontent/assets/dh_WEFdSxGQqDdiL/html5/lib/scripts/slides.min.js" />
<file href="scormcontent/assets/dh_WEFdSxGQqDdiL/html5/lib/stylesheets/desktop.min.css" />
<file href="scormcontent/assets/dh_WEFdSxGQqDdiL/html5/lib/stylesheets/mobile-fonts/open-sans-bold.woff" />
<file href="scormcontent/assets/dh_WEFdSxGQqDdiL/html5/lib/stylesheets/mobile-fonts/open-sans-light.woff" />
<file href="scormcontent/assets/dh_WEFdSxGQqDdiL/html5/lib/stylesheets/mobile-fonts/open-sans-regular.woff" />
<file href="scormcontent/assets/dh_WEFdSxGQqDdiL/html5/lib/stylesheets/mobile.min.css" />
<file href="scormcontent/assets/dh_WEFdSxGQqDdiL/meta.xml" />
<file href="scormcontent/assets/dh_WEFdSxGQqDdiL/story.html" />
<file href="scormcontent/assets/dh_WEFdSxGQqDdiL/story_content/thumbnail.jpg" />
<file href="scormcontent/assets/dh_WEFdSxGQqDdiL/story_content/user.js" />
<file href="scormcontent/assets/dh_WEFdSxGQqDdiL/threeSixty.json" />
<file href="scormcontent/assets/zu_O5H-NRZ_IfxGQ/analytics-frame.html" />
<file href="scormcontent/assets/zu_O5H-NRZ_IfxGQ/html5/data/css/output.min.css" />
<file href="scormcontent/assets/zu_O5H-NRZ_IfxGQ/html5/data/js/5dKLeQUnDqb.js" />
<file href="scormcontent/assets/zu_O5H-NRZ_IfxGQ/html5/data/js/data.js" />
<file href="scormcontent/assets/zu_O5H-NRZ_IfxGQ/html5/data/js/frame.js" />
<file href="scormcontent/assets/zu_O5H-NRZ_IfxGQ/html5/data/js/paths.js" />
<file href="scormcontent/assets/zu_O5H-NRZ_IfxGQ/html5/lib/hls/hls.min.js" />
<file href="scormcontent/assets/zu_O5H-NRZ_IfxGQ/html5/lib/scripts/bootstrapper.min.js" />
<file href="scormcontent/assets/zu_O5H-NRZ_IfxGQ/html5/lib/scripts/frame.desktop.min.js" />
<file href="scormcontent/assets/zu_O5H-NRZ_IfxGQ/html5/lib/scripts/frame.mobile.min.js" />
<file href="scormcontent/assets/zu_O5H-NRZ_IfxGQ/html5/lib/scripts/slides.min.js" />
<file href="scormcontent/assets/zu_O5H-NRZ_IfxGQ/html5/lib/stylesheets/desktop.min.css" />
<file href="scormcontent/assets/zu_O5H-NRZ_IfxGQ/html5/lib/stylesheets/mobile-fonts/open-sans-bold.woff" />
<file href="scormcontent/assets/zu_O5H-NRZ_IfxGQ/html5/lib/stylesheets/mobile-fonts/open-sans-light.woff" />
<file href="scormcontent/assets/zu_O5H-NRZ_IfxGQ/html5/lib/stylesheets/mobile-fonts/open-sans-regular.woff" />
<file href="scormcontent/assets/zu_O5H-NRZ_IfxGQ/html5/lib/stylesheets/mobile.min.css" />
<file href="scormcontent/assets/zu_O5H-NRZ_IfxGQ/meta.xml" />
<file href="scormcontent/assets/zu_O5H-NRZ_IfxGQ/mobile/5eNvFFWFXfl_P_0_60_1680_1000.jpg" />
<file href="scormcontent/assets/zu_O5H-NRZ_IfxGQ/mobile/5jFbNkpxQEw_P_0_26_750_446.jpg" />
<file href="scormcontent/assets/zu_O5H-NRZ_IfxGQ/mobile/5nv1teplw1m_P_0_73_2048_1218.jpg" />
<file href="scormcontent/assets/zu_O5H-NRZ_IfxGQ/mobile/5rTRcucDRLZ_P_0_73_2048_1218.jpg" />
<file href="scormcontent/assets/zu_O5H-NRZ_IfxGQ/mobile/5sT2jJSiKYI_P_0_60_1680_999.jpg" />
<file href="scormcontent/assets/zu_O5H-NRZ_IfxGQ/mobile/6IEpB6u6cmF_P_0_33_2048_1218.jpg" />
<file href="scormcontent/assets/zu_O5H-NRZ_IfxGQ/mobile/6Kcr6VNf256.png" />
<file href="scormcontent/assets/zu_O5H-NRZ_IfxGQ/mobile/6dCuVFuyctW_P_0_618_1365_811.jpg" />
<file href="scormcontent/assets/zu_O5H-NRZ_IfxGQ/story.html" />
<file href="scormcontent/assets/zu_O5H-NRZ_IfxGQ/story_content/thumbnail.jpg" />
<file href="scormcontent/assets/zu_O5H-NRZ_IfxGQ/story_content/user.js" />
<file href="scormcontent/assets/zu_O5H-NRZ_IfxGQ/threeSixty.json" />
<file href="scormcontent/assets/h9bxV4MwF2FhaBHd/analytics-frame.html" />
<file href="scormcontent/assets/h9bxV4MwF2FhaBHd/html5/data/css/output.min.css" />
<file href="scormcontent/assets/h9bxV4MwF2FhaBHd/html5/data/js/6kAuDIH3BOb.js" />
<file href="scormcontent/assets/h9bxV4MwF2FhaBHd/html5/data/js/data.js" />
<file href="scormcontent/assets/h9bxV4MwF2FhaBHd/html5/data/js/frame.js" />
<file href="scormcontent/assets/h9bxV4MwF2FhaBHd/html5/data/js/paths.js" />
<file href="scormcontent/assets/h9bxV4MwF2FhaBHd/html5/lib/hls/hls.min.js" />
<file href="scormcontent/assets/h9bxV4MwF2FhaBHd/html5/lib/scripts/bootstrapper.min.js" />
<file href="scormcontent/assets/h9bxV4MwF2FhaBHd/html5/lib/scripts/frame.desktop.min.js" />
<file href="scormcontent/assets/h9bxV4MwF2FhaBHd/html5/lib/scripts/frame.mobile.min.js" />
<file href="scormcontent/assets/h9bxV4MwF2FhaBHd/html5/lib/scripts/slides.min.js" />
<file href="scormcontent/assets/h9bxV4MwF2FhaBHd/html5/lib/stylesheets/desktop.min.css" />
<file href="scormcontent/assets/h9bxV4MwF2FhaBHd/html5/lib/stylesheets/mobile-fonts/open-sans-bold.woff" />
<file href="scormcontent/assets/h9bxV4MwF2FhaBHd/html5/lib/stylesheets/mobile-fonts/open-sans-light.woff" />
<file href="scormcontent/assets/h9bxV4MwF2FhaBHd/html5/lib/stylesheets/mobile-fonts/open-sans-regular.woff" />
<file href="scormcontent/assets/h9bxV4MwF2FhaBHd/html5/lib/stylesheets/mobile.min.css" />
<file href="scormcontent/assets/h9bxV4MwF2FhaBHd/meta.xml" />
<file href="scormcontent/assets/h9bxV4MwF2FhaBHd/mobile/6D6lw3xVzYj_P_23_0_433_480.jpg" />
<file href="scormcontent/assets/h9bxV4MwF2FhaBHd/mobile/6djZYBMVEsR_P_252_0_764_847.jpg" />
<file href="scormcontent/assets/h9bxV4MwF2FhaBHd/story.html" />
<file href="scormcontent/assets/h9bxV4MwF2FhaBHd/story_content/thumbnail.jpg" />
<file href="scormcontent/assets/h9bxV4MwF2FhaBHd/story_content/user.js" />
<file href="scormcontent/assets/h9bxV4MwF2FhaBHd/threeSixty.json" />
<file href="scormcontent/assets/bbe-GPwYHbWJf4QZ/analytics-frame.html" />
<file href="scormcontent/assets/bbe-GPwYHbWJf4QZ/html5/data/css/output.min.css" />
<file href="scormcontent/assets/bbe-GPwYHbWJf4QZ/html5/data/js/6Nf7r6r6Bc8.js" />
<file href="scormcontent/assets/bbe-GPwYHbWJf4QZ/html5/data/js/data.js" />
<file href="scormcontent/assets/bbe-GPwYHbWJf4QZ/html5/data/js/frame.js" />
<file href="scormcontent/assets/bbe-GPwYHbWJf4QZ/html5/data/js/paths.js" />
<file href="scormcontent/assets/bbe-GPwYHbWJf4QZ/html5/lib/hls/hls.min.js" />
<file href="scormcontent/assets/bbe-GPwYHbWJf4QZ/html5/lib/scripts/bootstrapper.min.js" />
<file href="scormcontent/assets/bbe-GPwYHbWJf4QZ/html5/lib/scripts/frame.desktop.min.js" />
<file href="scormcontent/assets/bbe-GPwYHbWJf4QZ/html5/lib/scripts/frame.mobile.min.js" />
<file href="scormcontent/assets/bbe-GPwYHbWJf4QZ/html5/lib/scripts/slides.min.js" />
<file href="scormcontent/assets/bbe-GPwYHbWJf4QZ/html5/lib/stylesheets/desktop.min.css" />
<file href="scormcontent/assets/bbe-GPwYHbWJf4QZ/html5/lib/stylesheets/mobile-fonts/open-sans-bold.woff" />
<file href="scormcontent/assets/bbe-GPwYHbWJf4QZ/html5/lib/stylesheets/mobile-fonts/open-sans-light.woff" />
<file href="scormcontent/assets/bbe-GPwYHbWJf4QZ/html5/lib/stylesheets/mobile-fonts/open-sans-regular.woff" />
<file href="scormcontent/assets/bbe-GPwYHbWJf4QZ/html5/lib/stylesheets/mobile.min.css" />
<file href="scormcontent/assets/bbe-GPwYHbWJf4QZ/meta.xml" />
<file href="scormcontent/assets/bbe-GPwYHbWJf4QZ/story.html" />
<file href="scormcontent/assets/bbe-GPwYHbWJf4QZ/story_content/thumbnail.jpg" />
<file href="scormcontent/assets/bbe-GPwYHbWJf4QZ/story_content/user.js" />
<file href="scormcontent/assets/bbe-GPwYHbWJf4QZ/threeSixty.json" />
<file href="scormcontent/assets/7vd6bVyqmG4DRnGN/analytics-frame.html" />
<file href="scormcontent/assets/7vd6bVyqmG4DRnGN/html5/data/css/output.min.css" />
<file href="scormcontent/assets/7vd6bVyqmG4DRnGN/html5/data/js/6Nf7r6r6Bc8.js" />
<file href="scormcontent/assets/7vd6bVyqmG4DRnGN/html5/data/js/data.js" />
<file href="scormcontent/assets/7vd6bVyqmG4DRnGN/html5/data/js/frame.js" />
<file href="scormcontent/assets/7vd6bVyqmG4DRnGN/html5/data/js/paths.js" />
<file href="scormcontent/assets/7vd6bVyqmG4DRnGN/html5/lib/hls/hls.min.js" />
<file href="scormcontent/assets/7vd6bVyqmG4DRnGN/html5/lib/scripts/bootstrapper.min.js" />
<file href="scormcontent/assets/7vd6bVyqmG4DRnGN/html5/lib/scripts/frame.desktop.min.js" />
<file href="scormcontent/assets/7vd6bVyqmG4DRnGN/html5/lib/scripts/frame.mobile.min.js" />
<file href="scormcontent/assets/7vd6bVyqmG4DRnGN/html5/lib/scripts/slides.min.js" />
<file href="scormcontent/assets/7vd6bVyqmG4DRnGN/html5/lib/stylesheets/desktop.min.css" />
<file href="scormcontent/assets/7vd6bVyqmG4DRnGN/html5/lib/stylesheets/mobile-fonts/open-sans-bold.woff" />
<file href="scormcontent/assets/7vd6bVyqmG4DRnGN/html5/lib/stylesheets/mobile-fonts/open-sans-light.woff" />
<file href="scormcontent/assets/7vd6bVyqmG4DRnGN/html5/lib/stylesheets/mobile-fonts/open-sans-regular.woff" />
<file href="scormcontent/assets/7vd6bVyqmG4DRnGN/html5/lib/stylesheets/mobile.min.css" />
<file href="scormcontent/assets/7vd6bVyqmG4DRnGN/meta.xml" />
<file href="scormcontent/assets/7vd6bVyqmG4DRnGN/story.html" />
<file href="scormcontent/assets/7vd6bVyqmG4DRnGN/story_content/thumbnail.jpg" />
<file href="scormcontent/assets/7vd6bVyqmG4DRnGN/story_content/user.js" />
<file href="scormcontent/assets/7vd6bVyqmG4DRnGN/threeSixty.json" />
<file href="scormcontent/assets/IjB_82wIEVxCFi5d/analytics-frame.html" />
<file href="scormcontent/assets/IjB_82wIEVxCFi5d/html5/data/css/output.min.css" />
<file href="scormcontent/assets/IjB_82wIEVxCFi5d/html5/data/js/6Nf7r6r6Bc8.js" />
<file href="scormcontent/assets/IjB_82wIEVxCFi5d/html5/data/js/data.js" />
<file href="scormcontent/assets/IjB_82wIEVxCFi5d/html5/data/js/frame.js" />
<file href="scormcontent/assets/IjB_82wIEVxCFi5d/html5/data/js/paths.js" />
<file href="scormcontent/assets/IjB_82wIEVxCFi5d/html5/lib/hls/hls.min.js" />
<file href="scormcontent/assets/IjB_82wIEVxCFi5d/html5/lib/scripts/bootstrapper.min.js" />
<file href="scormcontent/assets/IjB_82wIEVxCFi5d/html5/lib/scripts/frame.desktop.min.js" />
<file href="scormcontent/assets/IjB_82wIEVxCFi5d/html5/lib/scripts/frame.mobile.min.js" />
<file href="scormcontent/assets/IjB_82wIEVxCFi5d/html5/lib/scripts/slides.min.js" />
<file href="scormcontent/assets/IjB_82wIEVxCFi5d/html5/lib/stylesheets/desktop.min.css" />
<file href="scormcontent/assets/IjB_82wIEVxCFi5d/html5/lib/stylesheets/mobile-fonts/open-sans-bold.woff" />
<file href="scormcontent/assets/IjB_82wIEVxCFi5d/html5/lib/stylesheets/mobile-fonts/open-sans-light.woff" />
<file href="scormcontent/assets/IjB_82wIEVxCFi5d/html5/lib/stylesheets/mobile-fonts/open-sans-regular.woff" />
<file href="scormcontent/assets/IjB_82wIEVxCFi5d/html5/lib/stylesheets/mobile.min.css" />
<file href="scormcontent/assets/IjB_82wIEVxCFi5d/meta.xml" />
<file href="scormcontent/assets/IjB_82wIEVxCFi5d/story.html" />
<file href="scormcontent/assets/IjB_82wIEVxCFi5d/story_content/thumbnail.jpg" />
<file href="scormcontent/assets/IjB_82wIEVxCFi5d/story_content/user.js" />
<file href="scormcontent/assets/IjB_82wIEVxCFi5d/threeSixty.json" />
<file href="scormcontent/assets/8LB8QHSY59T9Mbec/analytics-frame.html" />
<file href="scormcontent/assets/8LB8QHSY59T9Mbec/html5/data/css/output.min.css" />
<file href="scormcontent/assets/8LB8QHSY59T9Mbec/html5/data/js/6Nf7r6r6Bc8.js" />
<file href="scormcontent/assets/8LB8QHSY59T9Mbec/html5/data/js/data.js" />
<file href="scormcontent/assets/8LB8QHSY59T9Mbec/html5/data/js/frame.js" />
<file href="scormcontent/assets/8LB8QHSY59T9Mbec/html5/data/js/paths.js" />
<file href="scormcontent/assets/8LB8QHSY59T9Mbec/html5/lib/hls/hls.min.js" />
<file href="scormcontent/assets/8LB8QHSY59T9Mbec/html5/lib/scripts/bootstrapper.min.js" />
<file href="scormcontent/assets/8LB8QHSY59T9Mbec/html5/lib/scripts/frame.desktop.min.js" />
<file href="scormcontent/assets/8LB8QHSY59T9Mbec/html5/lib/scripts/frame.mobile.min.js" />
<file href="scormcontent/assets/8LB8QHSY59T9Mbec/html5/lib/scripts/slides.min.js" />
<file href="scormcontent/assets/8LB8QHSY59T9Mbec/html5/lib/stylesheets/desktop.min.css" />
<file href="scormcontent/assets/8LB8QHSY59T9Mbec/html5/lib/stylesheets/mobile-fonts/open-sans-bold.woff" />
<file href="scormcontent/assets/8LB8QHSY59T9Mbec/html5/lib/stylesheets/mobile-fonts/open-sans-light.woff" />
<file href="scormcontent/assets/8LB8QHSY59T9Mbec/html5/lib/stylesheets/mobile-fonts/open-sans-regular.woff" />
<file href="scormcontent/assets/8LB8QHSY59T9Mbec/html5/lib/stylesheets/mobile.min.css" />
<file href="scormcontent/assets/8LB8QHSY59T9Mbec/meta.xml" />
<file href="scormcontent/assets/8LB8QHSY59T9Mbec/story.html" />
<file href="scormcontent/assets/8LB8QHSY59T9Mbec/story_content/thumbnail.jpg" />
<file href="scormcontent/assets/8LB8QHSY59T9Mbec/story_content/user.js" />
<file href="scormcontent/assets/8LB8QHSY59T9Mbec/threeSixty.json" />
<file href="scormcontent/assets/XUtovOecJ4urBfCF/analytics-frame.html" />
<file href="scormcontent/assets/XUtovOecJ4urBfCF/html5/data/css/output.min.css" />
<file href="scormcontent/assets/XUtovOecJ4urBfCF/html5/data/js/6Nf7r6r6Bc8.js" />
<file href="scormcontent/assets/XUtovOecJ4urBfCF/html5/data/js/data.js" />
<file href="scormcontent/assets/XUtovOecJ4urBfCF/html5/data/js/frame.js" />
<file href="scormcontent/assets/XUtovOecJ4urBfCF/html5/data/js/paths.js" />
<file href="scormcontent/assets/XUtovOecJ4urBfCF/html5/lib/hls/hls.min.js" />
<file href="scormcontent/assets/XUtovOecJ4urBfCF/html5/lib/scripts/bootstrapper.min.js" />
<file href="scormcontent/assets/XUtovOecJ4urBfCF/html5/lib/scripts/frame.desktop.min.js" />
<file href="scormcontent/assets/XUtovOecJ4urBfCF/html5/lib/scripts/frame.mobile.min.js" />
<file href="scormcontent/assets/XUtovOecJ4urBfCF/html5/lib/scripts/slides.min.js" />
<file href="scormcontent/assets/XUtovOecJ4urBfCF/html5/lib/stylesheets/desktop.min.css" />
<file href="scormcontent/assets/XUtovOecJ4urBfCF/html5/lib/stylesheets/mobile-fonts/open-sans-bold.woff" />
<file href="scormcontent/assets/XUtovOecJ4urBfCF/html5/lib/stylesheets/mobile-fonts/open-sans-light.woff" />
<file href="scormcontent/assets/XUtovOecJ4urBfCF/html5/lib/stylesheets/mobile-fonts/open-sans-regular.woff" />
<file href="scormcontent/assets/XUtovOecJ4urBfCF/html5/lib/stylesheets/mobile.min.css" />
<file href="scormcontent/assets/XUtovOecJ4urBfCF/meta.xml" />
<file href="scormcontent/assets/XUtovOecJ4urBfCF/story.html" />
<file href="scormcontent/assets/XUtovOecJ4urBfCF/story_content/thumbnail.jpg" />
<file href="scormcontent/assets/XUtovOecJ4urBfCF/story_content/user.js" />
<file href="scormcontent/assets/XUtovOecJ4urBfCF/threeSixty.json" />
<file href="scormcontent/assets/_1tMmsZvthivbIkw/analytics-frame.html" />
<file href="scormcontent/assets/_1tMmsZvthivbIkw/html5/data/css/output.min.css" />
<file href="scormcontent/assets/_1tMmsZvthivbIkw/html5/data/js/6Nf7r6r6Bc8.js" />
<file href="scormcontent/assets/_1tMmsZvthivbIkw/html5/data/js/data.js" />
<file href="scormcontent/assets/_1tMmsZvthivbIkw/html5/data/js/frame.js" />
<file href="scormcontent/assets/_1tMmsZvthivbIkw/html5/data/js/paths.js" />
<file href="scormcontent/assets/_1tMmsZvthivbIkw/html5/lib/hls/hls.min.js" />
<file href="scormcontent/assets/_1tMmsZvthivbIkw/html5/lib/scripts/bootstrapper.min.js" />
<file href="scormcontent/assets/_1tMmsZvthivbIkw/html5/lib/scripts/frame.desktop.min.js" />
<file href="scormcontent/assets/_1tMmsZvthivbIkw/html5/lib/scripts/frame.mobile.min.js" />
<file href="scormcontent/assets/_1tMmsZvthivbIkw/html5/lib/scripts/slides.min.js" />
<file href="scormcontent/assets/_1tMmsZvthivbIkw/html5/lib/stylesheets/desktop.min.css" />
<file href="scormcontent/assets/_1tMmsZvthivbIkw/html5/lib/stylesheets/mobile-fonts/open-sans-bold.woff" />
<file href="scormcontent/assets/_1tMmsZvthivbIkw/html5/lib/stylesheets/mobile-fonts/open-sans-light.woff" />
<file href="scormcontent/assets/_1tMmsZvthivbIkw/html5/lib/stylesheets/mobile-fonts/open-sans-regular.woff" />
<file href="scormcontent/assets/_1tMmsZvthivbIkw/html5/lib/stylesheets/mobile.min.css" />
<file href="scormcontent/assets/_1tMmsZvthivbIkw/meta.xml" />
<file href="scormcontent/assets/_1tMmsZvthivbIkw/story.html" />
<file href="scormcontent/assets/_1tMmsZvthivbIkw/story_content/thumbnail.jpg" />
<file href="scormcontent/assets/_1tMmsZvthivbIkw/story_content/user.js" />
<file href="scormcontent/assets/_1tMmsZvthivbIkw/threeSixty.json" />
<file href="scormcontent/assets/aDofVCWo0eonkEza/analytics-frame.html" />
<file href="scormcontent/assets/aDofVCWo0eonkEza/html5/data/css/output.min.css" />
<file href="scormcontent/assets/aDofVCWo0eonkEza/html5/data/js/6Nf7r6r6Bc8.js" />
<file href="scormcontent/assets/aDofVCWo0eonkEza/html5/data/js/data.js" />
<file href="scormcontent/assets/aDofVCWo0eonkEza/html5/data/js/frame.js" />
<file href="scormcontent/assets/aDofVCWo0eonkEza/html5/data/js/paths.js" />
<file href="scormcontent/assets/aDofVCWo0eonkEza/html5/lib/hls/hls.min.js" />
<file href="scormcontent/assets/aDofVCWo0eonkEza/html5/lib/scripts/bootstrapper.min.js" />
<file href="scormcontent/assets/aDofVCWo0eonkEza/html5/lib/scripts/frame.desktop.min.js" />
<file href="scormcontent/assets/aDofVCWo0eonkEza/html5/lib/scripts/frame.mobile.min.js" />
<file href="scormcontent/assets/aDofVCWo0eonkEza/html5/lib/scripts/slides.min.js" />
<file href="scormcontent/assets/aDofVCWo0eonkEza/html5/lib/stylesheets/desktop.min.css" />
<file href="scormcontent/assets/aDofVCWo0eonkEza/html5/lib/stylesheets/mobile-fonts/open-sans-bold.woff" />
<file href="scormcontent/assets/aDofVCWo0eonkEza/html5/lib/stylesheets/mobile-fonts/open-sans-light.woff" />
<file href="scormcontent/assets/aDofVCWo0eonkEza/html5/lib/stylesheets/mobile-fonts/open-sans-regular.woff" />
<file href="scormcontent/assets/aDofVCWo0eonkEza/html5/lib/stylesheets/mobile.min.css" />
<file href="scormcontent/assets/aDofVCWo0eonkEza/meta.xml" />
<file href="scormcontent/assets/aDofVCWo0eonkEza/story.html" />
<file href="scormcontent/assets/aDofVCWo0eonkEza/story_content/thumbnail.jpg" />
<file href="scormcontent/assets/aDofVCWo0eonkEza/story_content/user.js" />
<file href="scormcontent/assets/aDofVCWo0eonkEza/threeSixty.json" />
<file href="scormcontent/assets/bzU1F6U-vSOt8KMQ/analytics-frame.html" />
<file href="scormcontent/assets/bzU1F6U-vSOt8KMQ/html5/data/css/output.min.css" />
<file href="scormcontent/assets/bzU1F6U-vSOt8KMQ/html5/data/js/6Nf7r6r6Bc8.js" />
<file href="scormcontent/assets/bzU1F6U-vSOt8KMQ/html5/data/js/data.js" />
<file href="scormcontent/assets/bzU1F6U-vSOt8KMQ/html5/data/js/frame.js" />
<file href="scormcontent/assets/bzU1F6U-vSOt8KMQ/html5/data/js/paths.js" />
<file href="scormcontent/assets/bzU1F6U-vSOt8KMQ/html5/lib/hls/hls.min.js" />
<file href="scormcontent/assets/bzU1F6U-vSOt8KMQ/html5/lib/scripts/bootstrapper.min.js" />
<file href="scormcontent/assets/bzU1F6U-vSOt8KMQ/html5/lib/scripts/frame.desktop.min.js" />
<file href="scormcontent/assets/bzU1F6U-vSOt8KMQ/html5/lib/scripts/frame.mobile.min.js" />
<file href="scormcontent/assets/bzU1F6U-vSOt8KMQ/html5/lib/scripts/slides.min.js" />
<file href="scormcontent/assets/bzU1F6U-vSOt8KMQ/html5/lib/stylesheets/desktop.min.css" />
<file href="scormcontent/assets/bzU1F6U-vSOt8KMQ/html5/lib/stylesheets/mobile-fonts/open-sans-bold.woff" />
<file href="scormcontent/assets/bzU1F6U-vSOt8KMQ/html5/lib/stylesheets/mobile-fonts/open-sans-light.woff" />
<file href="scormcontent/assets/bzU1F6U-vSOt8KMQ/html5/lib/stylesheets/mobile-fonts/open-sans-regular.woff" />
<file href="scormcontent/assets/bzU1F6U-vSOt8KMQ/html5/lib/stylesheets/mobile.min.css" />
<file href="scormcontent/assets/bzU1F6U-vSOt8KMQ/meta.xml" />
<file href="scormcontent/assets/bzU1F6U-vSOt8KMQ/story.html" />
<file href="scormcontent/assets/bzU1F6U-vSOt8KMQ/story_content/thumbnail.jpg" />
<file href="scormcontent/assets/bzU1F6U-vSOt8KMQ/story_content/user.js" />
<file href="scormcontent/assets/bzU1F6U-vSOt8KMQ/threeSixty.json" />
<file href="scormcontent/assets/TRIawD9ooELtQ0Dn/analytics-frame.html" />
<file href="scormcontent/assets/TRIawD9ooELtQ0Dn/html5/data/css/output.min.css" />
<file href="scormcontent/assets/TRIawD9ooELtQ0Dn/html5/data/js/5VbGltCAWSp.js" />
<file href="scormcontent/assets/TRIawD9ooELtQ0Dn/html5/data/js/data.js" />
<file href="scormcontent/assets/TRIawD9ooELtQ0Dn/html5/data/js/frame.js" />
<file href="scormcontent/assets/TRIawD9ooELtQ0Dn/html5/data/js/paths.js" />
<file href="scormcontent/assets/TRIawD9ooELtQ0Dn/html5/lib/hls/hls.min.js" />
<file href="scormcontent/assets/TRIawD9ooELtQ0Dn/html5/lib/scripts/bootstrapper.min.js" />
<file href="scormcontent/assets/TRIawD9ooELtQ0Dn/html5/lib/scripts/frame.desktop.min.js" />
<file href="scormcontent/assets/TRIawD9ooELtQ0Dn/html5/lib/scripts/frame.mobile.min.js" />
<file href="scormcontent/assets/TRIawD9ooELtQ0Dn/html5/lib/scripts/slides.min.js" />
<file href="scormcontent/assets/TRIawD9ooELtQ0Dn/html5/lib/stylesheets/desktop.min.css" />
<file href="scormcontent/assets/TRIawD9ooELtQ0Dn/html5/lib/stylesheets/mobile-fonts/open-sans-bold.woff" />
<file href="scormcontent/assets/TRIawD9ooELtQ0Dn/html5/lib/stylesheets/mobile-fonts/open-sans-light.woff" />
<file href="scormcontent/assets/TRIawD9ooELtQ0Dn/html5/lib/stylesheets/mobile-fonts/open-sans-regular.woff" />
<file href="scormcontent/assets/TRIawD9ooELtQ0Dn/html5/lib/stylesheets/mobile.min.css" />
<file href="scormcontent/assets/TRIawD9ooELtQ0Dn/meta.xml" />
<file href="scormcontent/assets/TRIawD9ooELtQ0Dn/story.html" />
<file href="scormcontent/assets/TRIawD9ooELtQ0Dn/story_content/thumbnail.jpg" />
<file href="scormcontent/assets/TRIawD9ooELtQ0Dn/story_content/user.js" />
<file href="scormcontent/assets/TRIawD9ooELtQ0Dn/threeSixty.json" />
<file href="scormcontent/assets/pdgRftaKR3pX-QpQ/analytics-frame.html" />
<file href="scormcontent/assets/pdgRftaKR3pX-QpQ/html5/data/css/output.min.css" />
<file href="scormcontent/assets/pdgRftaKR3pX-QpQ/html5/data/js/6Nf7r6r6Bc8.js" />
<file href="scormcontent/assets/pdgRftaKR3pX-QpQ/html5/data/js/data.js" />
<file href="scormcontent/assets/pdgRftaKR3pX-QpQ/html5/data/js/frame.js" />
<file href="scormcontent/assets/pdgRftaKR3pX-QpQ/html5/data/js/paths.js" />
<file href="scormcontent/assets/pdgRftaKR3pX-QpQ/html5/lib/hls/hls.min.js" />
<file href="scormcontent/assets/pdgRftaKR3pX-QpQ/html5/lib/scripts/bootstrapper.min.js" />
<file href="scormcontent/assets/pdgRftaKR3pX-QpQ/html5/lib/scripts/frame.desktop.min.js" />
<file href="scormcontent/assets/pdgRftaKR3pX-QpQ/html5/lib/scripts/frame.mobile.min.js" />
<file href="scormcontent/assets/pdgRftaKR3pX-QpQ/html5/lib/scripts/slides.min.js" />
<file href="scormcontent/assets/pdgRftaKR3pX-QpQ/html5/lib/stylesheets/desktop.min.css" />
<file href="scormcontent/assets/pdgRftaKR3pX-QpQ/html5/lib/stylesheets/mobile-fonts/open-sans-bold.woff" />
<file href="scormcontent/assets/pdgRftaKR3pX-QpQ/html5/lib/stylesheets/mobile-fonts/open-sans-light.woff" />
<file href="scormcontent/assets/pdgRftaKR3pX-QpQ/html5/lib/stylesheets/mobile-fonts/open-sans-regular.woff" />
<file href="scormcontent/assets/pdgRftaKR3pX-QpQ/html5/lib/stylesheets/mobile.min.css" />
<file href="scormcontent/assets/pdgRftaKR3pX-QpQ/meta.xml" />
<file href="scormcontent/assets/pdgRftaKR3pX-QpQ/story.html" />
<file href="scormcontent/assets/pdgRftaKR3pX-QpQ/story_content/thumbnail.jpg" />
<file href="scormcontent/assets/pdgRftaKR3pX-QpQ/story_content/user.js" />
<file href="scormcontent/assets/pdgRftaKR3pX-QpQ/threeSixty.json" />
<file href="scormcontent/lib/fonts/Lato2-Regular.woff" />
<file href="scormcontent/lib/fonts/Lato2-Light.woff" />
<file href="scormcontent/lib/fonts/Lato2-Italic.woff" />
<file href="scormcontent/lib/fonts/Lato2-Bold.woff" />
<file href="scormcontent/lib/fonts/Lato2-Black.woff" />
<file href="scormcontent/lib/fonts/Merriweather-Black.woff" />
<file href="scormcontent/lib/fonts/Merriweather-Italic.woff" />
<file href="scormcontent/lib/fonts/Merriweather-Bold.woff" />
<file href="scormcontent/lib/fonts/Merriweather-Regular.woff" />
<file href="scormcontent/lib/fonts/Merriweather-Light.woff" />
<file href="scormcontent/lib/fonts/SBwTvVH9bqL78MFN-CenturyGothic-Bold.woff" />
<file href="scormcontent/lib/fonts/WW_2nfIh37jwL5QK-CenturyGothic.woff" />
<file href="scormcontent/assets/L5JgkBqK2vyydJJR.jpg" />
<file href="scormcontent/assets/Divisor%205.png" />
<file href="scormcontent/assets/Introduction%20%20%281%29.jpg" />
<file href="scormcontent/assets/zHYzAk/Divisor%205.png" />
<file href="scormcontent/assets/WB52fa/Divisor%205.png" />
<file href="scormcontent/assets/burnout%20as%20an%20import.jpg" />
<file href="scormcontent/assets/male-doctor-looking-away-w.jpg" />
<file href="scormcontent/assets/doctor-doing-medical-consu.jpg" />
<file href="scormcontent/assets/man-doctor-and-sleeping-fo.jpg" />
<file href="scormcontent/assets/How%20to%20Recognize%20Bur.jpg" />
<file href="scormcontent/assets/Fatigue.jpg" />
<file href="scormcontent/assets/ckbzfO/mountains.jpg" />
<file href="scormcontent/assets/Boredon.jpg" />
<file href="scormcontent/assets/Loneliness.jpg" />
<file href="scormcontent/assets/Commitment1.jpg" />
<file href="scormcontent/assets/Moral%20distress.jpg" />
<file href="scormcontent/assets/Moral%20Injury.jpg" />
<file href="scormcontent/assets/Compassion%20fatigue.jpg" />
<file href="scormcontent/assets/Trauma%20vicario.jpg" />
<file href="scormcontent/assets/Secondary%20Traumatic%20St.jpg" />
<file href="scormcontent/assets/Depression%20and%20Anxiety.jpg" />
<file href="scormcontent/assets/doctor-triste-apoyado-pare.jpg" />
<file href="scormcontent/assets/doctores-tiro-medio-discut.jpg" />
<file href="scormcontent/assets/front-view-blonde-woman-do.jpg" />
<file href="scormcontent/assets/doctor-nurses-discussing-d.jpg" />
<file href="scormcontent/assets/serious-surgeon-posing.jpg" />
<file href="scormcontent/assets/Estress%20laboral.jpg" />
<file href="scormcontent/assets/cabeza-baja-triste-joven-m.jpg" />
<file href="scormcontent/assets/doctor-i-have-constant-hea.jpg" />
<file href="scormcontent/assets/Adverse%20Childhood%20Expe.jpg" />
<file href="scormcontent/assets/1%20-%20Infographic.jpg" />
<file href="scormcontent/assets/2%20-%20Infographic.jpg" />
<file href="scormcontent/assets/3%20-%20Infographic.jpg" />
<file href="scormcontent/assets/4%20-%20Infographic.jpg" />
<file href="scormcontent/assets/5%20-%20Infographic.jpg" />
<file href="scormcontent/assets/6%20-%20Infographic.jpg" />
<file href="scormcontent/assets/Impacts%20of%20Burnout.jpg" />
<file href="scormcontent/assets/Scenes%20of%20stress%20at.jpg" />
<file href="scormcontent/assets/Images%20of%20a%20hospital.jpg" />
<file href="scormcontent/assets/Training%20and%20professio.jpg" />
<file href="scormcontent/assets/Patient%20Impacts.jpg" />
<file href="scormcontent/assets/Organizational%20Impacts.jpg" />
<file href="scormcontent/assets/un%20m%C3%A9dico%20o%20un.jpg" />
<file href="scormcontent/assets/grupo%20de%20profesionales.jpg" />
<file href="scormcontent/assets/SfHXrK/Divisor%205.png" />
<file href="scormcontent/assets/Diagrams%20showing%20the.jpg" />
<file href="scormcontent/assets/3%20personitas.gif" />
<file href="scormcontent/assets/Doctor%20en%20su%20consult.jpg" />
<file href="scormcontent/assets/Dra.%20tomando%20t%C3%A9.jpg" />
<file href="scormcontent/assets/M%C3%A9dico%20hablando%20c.jpg" />
<file href="scormcontent/assets/Estrategias%20para%20Preve.jpg" />
<file href="scormcontent/assets/X-_grupo%20de%20profesiona.jpg" />
<file href="scormcontent/assets/entorno%20de%20trabajo%20c.jpg" />
<file href="scormcontent/assets/Imagen%20Submit%20the%20In.jpg" />
<file href="scormcontent/assets/Principios%20de%20Atenci.jpg" />
<file href="scormcontent/assets/Cuidado%20Informado%20sobr.jpg" />
<file href="scormcontent/assets/showLogo.jpg" />
<file href="scormcontent/assets/Imagen%205.jpg" />
<file href="scormcontent/assets/Clinic%20Readiness%20for.pdf" />
<file href="scormcontent/assets/Patient%20Caregiver%20Scre.pdf" />
<file href="scormcontent/assets/Clinician%20Staff%20ACE%20.pdf" />
<file href="scormcontent/assets/Interventions%20to%20Reduc.jpg" />
<file href="scormcontent/assets/equipo-medico-consulta_23-.jpg" />
<file href="scormcontent/assets/Health%20care%20team%20dis.jpg" />
<file href="scormcontent/assets/Support%20and%20counseling.jpg" />
<file href="scormcontent/assets/labor-union-members-workin.jpg" />
<file href="scormcontent/assets/close-up-scientist-with-co.jpg" />
<file href="scormcontent/assets/grupo-medicos-discutiendo-.jpg" />
<file href="scormcontent/assets/male-female-healthcare-wor.jpg" />
<file href="scormcontent/assets/side-view-smiley-doctor-ch.jpg" />
<file href="scormcontent/assets/Resiliencia%20y%20la%20sup.jpg" />
<file href="scormcontent/assets/Prevention%20of%20Burnout.pdf" />

    </resource>
  </resources>
</manifest>
